{
    "vertices": [0.142429,0.000263,0.265845,-0.257932,0.000263,0.00156,-0.197555,0.000263,-0.072213,-0.124817,0.000263,-0.131907,-0.041831,0.000263,-0.176264,0.142429,0.226868,0.265845,-0.041835,0.226868,-0.176262,-0.12482,0.226868,-0.131905,0.048214,0.000263,-0.203578,0.141536,0.000263,-0.212801,0.089809,0.164141,-0.001042,0.11192,0.119919,-0.069093,0.040366,0.164141,-0.069093,0.089809,0.164141,-0.137145,0.047417,0.226868,-0.058425,0.141536,0.142787,-0.047345,0.141536,0.164141,-0.017953,0.085723,0.226868,-0.014989,0.141536,0.226868,-0.00384,0.04821,0.226868,-0.203578,0.069161,0.226868,-0.117913,0.141536,0.142787,-0.090842,0.141536,0.164141,-0.120234,0.141536,0.226868,-0.212801,0.141723,0.226868,-0.132662,0.05845,0.198337,0.147381,-0.002389,0.198337,0.127613,0.063921,0.226868,0.191889,0.058851,0.198394,0.210673,0.012753,0.166013,0.180243,-0.016712,0.226868,0.138019,-0.257932,0.226868,0.00156,-0.023337,0.198337,0.15642,0.05431,0.226868,0.207676,0.063921,0.226868,0.164218,0.044127,0.226868,0.136974,0.010392,0.226868,0.129213,-0.027906,0.226868,0.153404,-0.096098,0.087923,0.037076,-0.081968,0.073729,0.09392,-0.105661,0.127698,0.081334,-0.108599,0.032959,0.058409,-0.146935,0.120284,0.038045,-0.148751,0.061731,0.023877,-0.164234,0.038012,0.063411,-0.15631,0.123329,0.068642,-0.178319,0.095608,0.054113,-0.101349,0.091559,0.104923,-0.111986,0.117497,0.097901,-0.128372,0.12708,0.087084,-0.181364,0.079778,0.052104,-0.154445,0.031708,0.069873,-0.119154,0.036446,0.09317,-0.097609,0.082441,0.107392,-0.102396,0.057553,0.104232,0.103419,0.067026,0.090278,0.123217,0.097333,0.116676,0.113924,0.056474,0.132535,0.121032,0.026905,0.099634,0.141536,0.092136,0.075959,0.141536,0.097846,0.112171,0.141536,0.083977,0.132707,0.141536,0.030646,0.121475,0.141536,0.027477,0.0946,0.141536,0.048969,0.066083,0.141536,0.070369,0.139537,0.141536,0.038693,0.132002,-0.197557,0.226868,-0.072211,-0.124817,0.000263,-0.131907,-0.041831,0.000263,-0.176264,0.141536,0.000263,-0.212801,0.141536,0.226868,-0.212801,-0.197555,0.000263,-0.072213,-0.257932,0.000263,0.00156,0.048214,0.000263,-0.203578,-0.041835,0.226868,-0.176262,-0.12482,0.226868,-0.131905,-0.257932,0.226868,0.00156,-0.197557,0.226868,-0.072211,0.04821,0.226868,-0.203578],
    "materials": [{
        "opacity": 1,
        "transparent": false,
        "colorSpecular": [0.5,0.5,0.5],
        "wireframe": false,
        "depthWrite": true,
        "doubleSided": true,
        "visible": true,
        "blending": "NormalBlending",
        "DbgName": "CheeseTex",
        "DbgIndex": 0,
        "specularCoef": 50,
        "DbgColor": 15658734,
        "vertexColors": false,
        "colorEmissive": [0,0,0],
        "shading": "phong",
        "depthTest": true
    }],
    "colors": [],
    "metadata": {
        "colors": 0,
        "version": 3,
        "type": "Geometry",
        "generator": "io_three",
        "materials": 1,
        "vertices": 80,
        "normals": 70,
        "faces": 105,
        "uvs": 1
    },
    "name": "Mesh.009Geometry.1",
    "faces": [42,0,73,2,0,0,1,2,0,1,2,42,0,2,68,0,0,2,3,0,2,3,42,0,68,69,0,0,3,4,0,3,3,42,5,6,76,0,5,6,7,4,5,6,42,0,69,74,0,0,4,8,0,3,3,42,0,74,70,0,0,8,9,0,3,7,42,10,11,12,0,10,11,12,8,9,10,42,12,11,13,0,12,11,13,10,9,11,42,5,14,6,0,5,14,6,4,12,5,42,5,15,16,0,15,16,17,4,13,14,42,5,18,17,0,5,18,19,4,15,16,42,10,17,18,0,10,20,21,8,16,15,42,12,20,14,0,12,22,23,10,17,12,42,15,70,21,0,16,24,25,13,7,18,42,70,22,21,0,24,26,25,7,19,18,42,21,11,15,0,27,11,28,18,9,13,42,5,16,18,0,15,17,29,4,14,15,42,79,20,24,0,30,31,32,5,17,20,42,24,20,13,0,33,22,13,20,17,11,42,17,14,5,0,19,14,5,16,12,4,42,10,14,17,0,10,23,20,8,12,16,42,25,29,28,0,34,35,36,21,22,23,42,26,29,25,0,37,35,34,24,22,21,42,5,28,29,0,38,39,40,4,23,22,42,26,36,30,0,37,41,42,24,25,26,42,77,29,32,0,43,40,44,27,22,28,42,5,27,33,0,5,45,46,4,29,30,42,27,5,34,0,45,5,47,29,4,31,42,34,25,27,0,48,34,49,31,21,29,42,25,34,35,0,34,48,50,21,31,32,42,5,33,28,0,38,51,39,4,30,23,42,36,35,76,0,52,53,7,25,32,6,42,37,30,77,0,54,55,56,33,26,27,42,32,37,77,0,44,57,43,28,33,27,42,38,39,40,0,58,59,60,34,35,36,42,41,39,38,0,61,59,58,37,35,34,42,42,38,40,0,62,58,60,38,34,36,42,43,41,38,0,63,61,58,39,37,34,42,38,42,43,0,58,62,63,34,38,39,42,45,77,46,0,64,43,65,40,27,41,42,46,42,45,0,66,62,67,41,38,40,42,47,29,48,0,68,40,69,42,22,43,42,29,49,48,0,40,70,69,22,44,43,42,40,48,49,0,60,71,72,36,43,44,42,48,40,47,0,71,60,73,43,36,42,42,73,44,50,0,74,75,76,1,45,46,42,73,51,44,0,74,77,75,1,47,45,42,29,45,49,0,40,64,70,22,40,44,42,51,52,41,0,78,79,61,47,48,37,42,5,53,54,0,38,80,81,4,49,50,42,54,53,39,0,82,83,59,50,49,35,42,55,59,56,0,84,85,86,51,52,53,42,55,56,57,0,84,86,87,51,53,54,42,55,57,58,0,84,87,88,51,54,55,42,55,58,64,0,84,88,89,51,55,56,42,55,64,59,0,84,89,85,51,56,52,42,59,5,60,0,90,15,91,52,4,57,42,5,61,60,0,15,92,91,4,58,57,42,56,60,61,0,86,93,94,53,57,58,42,58,62,63,0,88,95,96,55,59,60,42,70,59,64,0,24,90,97,7,52,56,42,61,5,65,0,92,15,98,58,4,61,42,0,62,66,0,99,100,101,0,59,62,42,65,66,57,0,102,103,87,61,62,54,42,64,63,70,0,97,104,24,56,60,7,43,1,31,78,72,0,105,106,107,108,63,63,64,64,43,72,78,7,3,0,108,107,109,110,64,64,65,65,43,3,7,75,4,0,110,109,111,112,65,65,66,66,43,4,75,19,8,0,112,111,113,114,66,66,67,67,43,8,19,71,9,0,114,113,115,116,67,67,68,68,43,5,59,70,15,0,15,90,24,16,4,52,7,13,43,79,6,14,20,0,30,6,14,31,5,5,12,17,42,12,14,10,0,12,23,10,10,12,8,42,10,18,16,0,10,21,117,8,15,14,43,10,16,15,11,0,10,117,28,11,8,14,13,9,42,79,24,23,0,30,32,118,5,20,69,43,13,11,21,22,0,13,11,27,119,11,9,18,19,42,20,12,13,0,22,12,13,17,10,11,43,24,22,70,23,0,120,26,24,121,20,19,7,69,42,13,22,24,0,13,119,33,11,19,20,42,28,27,25,0,36,49,34,23,29,21,42,77,45,29,0,43,64,40,27,40,22,43,67,77,30,36,0,122,56,55,52,5,27,26,25,42,76,67,36,0,7,122,52,6,5,25,43,5,76,35,34,0,5,7,53,47,4,6,32,31,42,26,32,29,0,37,123,35,24,28,22,42,28,33,27,0,36,124,49,23,30,29,43,35,36,26,25,0,50,41,37,34,32,25,24,21,43,26,30,37,32,0,37,42,125,123,24,26,33,28,43,29,47,53,5,0,40,68,80,38,22,42,49,4,43,39,53,47,40,0,59,83,73,60,35,49,42,36,43,73,0,52,51,0,74,126,127,77,1,0,48,47,43,0,5,54,52,0,126,38,81,127,0,4,50,48,43,41,52,54,39,0,61,79,82,59,37,48,50,35,42,43,50,44,0,63,128,129,39,46,45,43,43,42,46,50,0,63,62,66,128,39,38,41,46,43,43,44,51,41,0,63,129,78,61,39,45,47,37,43,40,49,45,42,0,60,72,67,62,36,44,40,38,43,73,50,46,77,0,74,76,65,43,1,46,41,27,42,56,59,60,0,86,85,93,53,52,57,43,57,56,61,65,0,87,86,94,102,54,53,58,61,43,0,70,63,62,0,99,24,104,100,0,7,60,59,42,64,58,63,0,89,88,96,56,55,60,43,62,58,57,66,0,95,88,87,103,59,55,54,62,43,5,0,66,65,0,15,99,101,98,4,0,62,61],