{
    "vertices": [1.50679,0.267218,-0.493212,0.493212,0.267218,-1.50679,1.37241,0.34189,-1.21501,1.21501,0.34189,-0.627588,0.627588,0.34189,-0.784988,0.784988,0.34189,-1.37241,1.21501,0.341918,-1.37241,1.37241,0.341918,-0.784988,0.784988,0.341918,-0.627589,0.627589,0.341918,-1.21501,0.780242,0.367218,-1.21976,1,0.367218,-1.31078,1.31078,0.367218,-1,1,0.367218,-0.689216,0.689216,0.367218,-1,1.21976,0.367218,-1.21976,1.21976,0.367218,-0.780242,0.780242,0.367218,-0.780242,1.36997,0.019031,-1,0.630027,0.019031,-1,1,0.019031,-0.630027,1,0.019031,-1.36997,0.493212,0.267218,-0.493212,1.50679,0.267218,-1.50679,1,-0.23526,-1],
    "faces": [35,7,0,23,2,0,0,1,2,3,35,23,1,5,6,0,2,4,5,6,35,22,4,9,1,0,7,8,9,4,35,0,3,8,22,0,1,10,11,7,34,7,12,16,0,0,12,13,34,2,12,7,0,3,12,0,34,2,15,12,0,3,14,12,34,6,11,15,0,6,15,14,34,5,11,6,0,5,15,6,34,5,10,11,0,5,16,15,34,9,14,10,0,9,17,16,34,4,14,9,0,8,17,9,34,4,17,14,0,8,18,17,34,8,13,17,0,11,19,18,34,3,13,8,0,10,19,11,34,3,16,13,0,10,13,19,35,3,0,7,16,0,10,1,0,13,35,2,23,6,15,0,3,2,6,14,35,5,1,9,10,0,5,4,9,16,35,4,22,8,17,0,8,7,11,18,34,12,15,16,0,12,14,13,34,10,15,11,0,16,14,15,34,10,14,17,0,16,17,18,34,13,16,17,0,19,13,18,35,15,10,17,16,0,14,16,18,13,34,23,0,18,0,2,1,20,34,22,1,19,0,7,4,21,34,0,22,20,0,1,7,22,34,1,23,21,0,4,2,23,34,0,20,24,0,1,22,24,34,0,24,18,0,1,24,20,34,20,22,24,0,22,7,24,34,19,24,22,0,21,24,7,34,18,24,23,0,20,24,2,34,21,23,24,0,23,2,24,34,1,21,24,0,4,23,24,34,1,24,19,0,4,24,21],
    "materials": [{
        "colorEmissive": [0.5,0.5,0.5],
        "blending": "NormalBlending",
        "depthTest": true,
        "shading": "phong",
        "wireframe": false,
        "DbgIndex": 0,
        "DbgColor": 15658734,
        "transparent": true,
        "DbgName": "Diamond",
        "depthWrite": true,
        "visible": true,
        "colorSpecular": [1,1,1],
        "specularCoef": 25,
        "vertexColors": false,
        "opacity": 1
    }],
    "name": "Cube.001Geometry",
    "normals": [0.317881,0.945585,0.069308,0.698813,0.152348,0.698874,0.698874,0.152348,-0.698813,0.317972,0.945555,-0.069308,-0.698813,0.152348,-0.698874,-0.069308,0.945555,-0.317972,0.069308,0.945585,-0.317881,-0.698874,0.152348,0.698813,-0.317972,0.945555,0.069308,-0.317881,0.945585,-0.069308,0.069308,0.945555,0.317972,-0.069308,0.945585,0.317881,0.193182,0.98114,-3.1e-05,0.086764,0.992431,0.086825,0.086825,0.992431,-0.086764,-3.1e-05,0.98114,-0.193182,-0.086764,0.992431,-0.086825,-0.193182,0.98114,3.1e-05,-0.086825,0.992431,0.086764,3.1e-05,0.98114,0.193182,0.691916,-0.721946,0,-0.691916,-0.721946,0,0,-0.721946,0.691916,0,-0.721946,-0.691916,0,-1,0],
    "metadata": {
        "version": 3,
        "normals": 25,
        "colors": 0,
        "uvs": 0,
        "faces": 37,
        "generator": "io_three",
        "type": "Geometry",
        "vertices": 25,
        "materials": 1
    },
    "colors": [],
    "uvs": []
}