{
    "vertices": [0.073689,0.30731,-0.044158,0.117167,0.319353,-0.000137,0.073689,0.30731,0.043885,0.117197,0.256425,0.050654,0.061161,0.220163,0.043885,0.09945,0.196109,-0.000137,0.061161,0.220163,-0.044158,0.117197,0.256425,-0.054521,-0.12192,0.386652,-0.107924,-0.096537,0.422871,0.0001,-0.082407,0.380848,0.108067,-0.087807,0.285199,0.152729,-0.109575,0.191955,0.107924,-0.134958,0.155737,-0.000101,-0.149088,0.19776,-0.108067,-0.143687,0.293408,-0.152729,-0.268121,0.311687,-0.15228,-0.270996,0.208381,-0.105698,-0.248705,0.16214,0.006976,-0.214307,0.200053,0.119737,-0.187951,0.29991,0.166532,-0.185076,0.403217,0.11995,-0.207366,0.449457,0.007277,-0.241764,0.411544,-0.105485,-0.339622,0.371989,-0.014736,-0.318615,0.389531,0.031035,-0.303425,0.366672,0.07676,-0.30295,0.316804,0.095654,-0.317468,0.269138,0.076648,-0.338475,0.251597,0.030876,-0.353665,0.274455,-0.014849,-0.35414,0.324324,-0.033742,-0.345914,0.321543,0.037884,0.222326,0.233859,-0.038266,0.228249,0.206279,-0.027352,0.197305,0.199761,-0.001018,0.223813,0.206931,0.025311,0.216716,0.234683,0.03621,0.231335,0.259246,0.025297,0.202641,0.274524,0.000972,0.23577,0.258594,-0.027366,0.300298,0.266495,-0.046237,0.277606,0.288112,-0.001935,0.278043,0.269764,0.049134,0.267173,0.227221,0.068906,0.26552,0.183323,0.049175,0.259895,0.165865,-0.001877,0.287775,0.180054,-0.046196,0.298645,0.222597,-0.065968,0.338219,0.216977,-0.056541,0.327349,0.174433,-0.036769,0.299469,0.160245,0.00755,0.305094,0.177703,0.058602,0.306747,0.2216,0.078334,0.317617,0.264144,0.058561,0.317179,0.282492,0.007492,0.339872,0.260875,-0.036809,0.372765,0.241055,-0.009976,0.35327,0.256008,0.016807,0.358687,0.243123,0.050356,0.35166,0.21497,0.062872,0.350464,0.18596,0.050397,0.341642,0.175167,0.016864,0.364543,0.183892,-0.009935,0.37157,0.212045,-0.022451,0.347456,0.215587,0.016836],
    "materials": [{
        "opacity": 1,
        "transparent": false,
        "colorSpecular": [0.23961,0.217712,0.173699],
        "wireframe": false,
        "depthWrite": true,
        "visible": true,
        "blending": "NormalBlending",
        "DbgName": "TurkeyLegTex",
        "DbgIndex": 0,
        "specularCoef": 30,
        "DbgColor": 15658734,
        "vertexColors": false,
        "colorEmissive": [0,0,0],
        "shading": "phong",
        "depthTest": true
    }],
    "colors": [],
    "metadata": {
        "colors": 0,
        "version": 3,
        "type": "Geometry",
        "generator": "io_three",
        "materials": 1,
        "vertices": 66,
        "normals": 66,
        "faces": 72,
        "uvs": 1
    },
    "name": "CylinderGeometry",
    "faces": [43,0,8,9,1,0,0,1,2,3,0,1,2,3,43,1,9,10,2,0,3,2,4,5,3,2,4,5,43,2,10,11,3,0,5,4,6,7,5,4,6,7,43,3,11,12,4,0,8,9,10,11,7,6,8,9,43,4,12,13,5,0,11,10,12,13,9,8,10,11,43,5,13,14,6,0,13,12,14,15,11,10,12,13,43,6,14,15,7,0,15,14,16,17,13,12,14,15,43,8,0,7,15,0,1,0,17,16,1,0,15,14,43,8,15,16,23,0,1,16,18,19,1,14,16,17,43,15,14,17,16,0,16,14,20,18,14,12,18,16,43,14,13,18,17,0,14,12,21,20,12,10,19,18,43,13,12,19,18,0,12,10,22,21,10,8,20,19,43,12,11,20,19,0,10,9,23,22,8,6,21,20,43,11,10,21,20,0,6,4,24,25,6,4,22,21,43,10,9,22,21,0,4,2,26,24,4,2,23,22,43,9,8,23,22,0,2,1,19,26,2,1,17,23,43,22,23,24,25,0,26,19,27,28,23,17,24,25,43,21,22,25,26,0,24,26,28,29,22,23,25,26,43,20,21,26,27,0,25,24,29,30,21,22,26,27,43,19,20,27,28,0,22,23,31,32,20,21,27,28,43,18,19,28,29,0,21,22,32,33,19,20,28,29,43,17,18,29,30,0,20,21,33,34,18,19,29,30,43,16,17,30,31,0,18,20,34,35,16,18,30,31,43,23,16,31,24,0,19,18,35,27,17,16,31,24,42,24,31,32,0,27,35,36,24,31,32,42,31,30,32,0,35,34,36,31,30,32,42,30,29,32,0,34,33,36,30,29,32,42,29,28,32,0,33,32,36,29,28,32,42,28,27,32,0,32,31,36,28,27,32,42,27,26,32,0,30,29,36,27,26,32,42,26,25,32,0,29,28,36,26,25,32,42,25,24,32,0,28,27,36,25,24,32,43,7,0,40,33,0,17,0,37,38,15,0,33,34,43,6,7,33,34,0,15,17,38,39,13,15,34,35,43,5,6,34,35,0,13,15,39,40,11,13,35,36,43,4,5,35,36,0,11,13,40,41,9,11,36,37,43,3,4,36,37,0,8,11,41,42,7,9,37,38,43,2,3,37,38,0,5,7,43,44,5,7,38,39,43,1,2,38,39,0,3,5,44,45,3,5,39,40,43,0,1,39,40,0,0,3,45,37,0,3,40,33,43,40,39,42,41,0,37,45,46,47,33,40,41,42,43,39,38,43,42,0,45,44,48,46,40,39,43,41,43,38,37,44,43,0,44,43,49,48,39,38,44,43,43,37,36,45,44,0,42,41,50,51,38,37,45,44,43,36,35,46,45,0,41,40,52,50,37,36,46,45,43,35,34,47,46,0,40,39,53,52,36,35,47,46,43,34,33,48,47,0,39,38,54,53,35,34,48,47,43,33,40,41,48,0,38,37,47,54,34,33,42,48,43,48,41,56,49,0,54,47,55,56,48,42,49,50,43,47,48,49,50,0,53,54,56,57,47,48,50,51,43,46,47,50,51,0,52,53,57,58,46,47,51,52,43,45,46,51,52,0,50,52,58,59,45,46,52,53,43,44,45,52,53,0,51,50,59,60,44,45,53,54,43,43,44,53,54,0,48,49,61,62,43,44,54,55,43,42,43,54,55,0,46,48,62,63,41,43,55,56,43,41,42,55,56,0,47,46,63,55,42,41,56,49,43,56,55,58,57,0,55,63,64,65,49,56,57,58,43,55,54,59,58,0,63,62,66,64,56,55,59,57,43,54,53,60,59,0,62,61,67,66,55,54,60,59,43,53,52,61,60,0,60,59,68,69,54,53,61,60,43,52,51,62,61,0,59,58,70,68,53,52,62,61,43,51,50,63,62,0,58,57,71,70,52,51,63,62,43,50,49,64,63,0,57,56,72,71,51,50,64,63,43,49,56,57,64,0,56,55,65,72,50,49,58,64,42,65,57,58,0,73,65,64,65,58,57,42,65,58,59,0,73,64,66,65,57,59,42,65,59,60,0,73,66,67,65,59,60,42,65,60,61,0,73,69,68,65,60,61,42,65,61,62,0,73,68,70,65,61,62,42,65,62,63,0,73,70,71,65,62,63,42,65,63,64,0,73,71,72,65,63,64,42,64,57,65,0,72,65,73,64,58,65],
    "uvs": [[0.557957,0.41222,0.24673,0.422678,0.24946,0.319335,0.610697,0.32265,0.234901,0.182744,0.561781,0.220214,0.215685,0.016282,0.644079,0.14828,0.646147,0.856617,0.217229,0.981265,0.236181,0.814516,0.564997,0.7786,0.250377,0.677571,0.615562,0.673816,0.247201,0.573951,0.560558,0.583416,0.244909,0.498277,0.619967,0.494908,0.185356,0.498346,0.184479,0.438166,0.184778,0.558503,0.177391,0.63986,0.152711,0.754092,0.089064,0.891873,0.152066,0.244044,0.088072,0.107308,0.176925,0.357317,0.106355,0.456384,0.098912,0.411898,0.072538,0.360337,0.013761,0.329006,0.012963,0.671216,0.071931,0.63754,0.098223,0.584646,0.105819,0.540105,0.097896,0.49839,0.046579,0.500294,0.738256,0.42551,0.722542,0.499084,0.741041,0.570311,0.701885,0.664749,0.758294,0.738849,0.749837,0.82822,0.749985,0.160171,0.755689,0.250983,0.690166,0.321522,0.809401,0.369919,0.825109,0.445261,0.846396,0.282584,0.87384,0.172804,0.847626,0.708272,0.874106,0.817526,0.811311,0.622437,0.826064,0.548406,0.826277,0.497065,0.862212,0.45319,0.862849,0.496529,0.862793,0.53971,0.858821,0.605294,0.898078,0.67069,0.947649,0.751985,0.947243,0.239233,0.897287,0.320794,0.857739,0.38694,0.906273,0.4224,0.903492,0.46884,0.940928,0.384279,0.987037,0.364835,0.941184,0.607383,0.987037,0.626657,0.906768,0.569674,0.903757,0.523719,0.913467,0.49628,0.948271,0.495968]],