{
    "normals": [0.748772,-0.036988,0.661763,0.512619,0.776452,0.366405,-0.337291,0.804712,0.488479,-0.66097,0.040162,0.74929,-0.747337,0.044923,-0.662893,-0.457472,0.808924,-0.369213,0.397961,0.780206,-0.482559,0.661733,-0.032197,-0.749016,0.292795,-0.813135,-0.503006,-0.558519,-0.753868,-0.345958,0.448805,-0.824152,0.345378,-0.396863,-0.765221,0.506851,0.865474,-0.319254,-0.385998,0.865474,-0.319254,0.385998,0.663564,-0.701712,0.259346,0.663564,-0.701712,-0.259377,-0.398785,-0.255623,0.880673,0.369854,-0.294351,0.881191,0.395978,0.235847,0.887448,-0.377575,0.273995,0.884487,-0.398785,-0.255623,-0.880673,0.369884,-0.294351,-0.881191,0.210791,-0.669881,-0.711875,-0.303415,-0.634114,-0.711173,-0.303415,-0.634114,0.711173,0.210791,-0.669881,0.711875,0.280374,0.638417,0.716788,-0.243233,0.653737,0.716544,-0.696066,0.669149,0.260201,-0.696066,0.669149,-0.260201,-0.873836,0.297281,-0.384655,-0.873836,0.297281,0.384655,0.736106,0.623371,-0.263649,0.736106,0.623371,0.263649,0.896115,0.212378,0.38966,0.896115,0.212378,-0.38966,-0.243233,0.653737,-0.716544,0.280374,0.638417,-0.716788,0.395978,0.235847,-0.887448,-0.377575,0.273995,-0.884487,-0.894131,-0.23075,0.383709,-0.894131,-0.23075,-0.383709,-0.755852,-0.602496,-0.256203,-0.755852,-0.602496,0.256203,-0.142827,0.924497,0.353374,0.149693,0.92349,0.35313,0.356395,0.922788,0.146214,0.356395,0.922788,-0.146214,0.149693,0.92349,-0.35313,-0.142827,0.924497,-0.353374,-0.349986,0.925199,-0.146458,-0.349986,0.925199,0.146458,0.069552,-0.930296,0.360118,-0.227149,-0.90524,0.35905,-0.435987,-0.8876,0.148412,-0.435987,-0.8876,-0.148412,-0.227149,-0.90524,-0.35905,0.069552,-0.930296,-0.360118,0.280526,-0.948119,-0.14948,0.280526,-0.948119,0.14948],
    "faces": [43,11,5,1,8,0,0,1,2,3,0,1,2,3,43,9,3,7,10,0,4,5,6,7,4,5,6,7,43,10,7,5,11,0,8,9,10,11,7,6,1,0,43,6,2,9,10,0,12,13,4,7,8,9,4,7,43,4,6,10,11,0,14,15,8,11,10,8,7,0,43,8,0,4,11,0,3,16,17,0,3,11,10,0,43,1,5,7,3,0,18,19,20,21,2,1,6,5,43,0,2,6,4,0,22,13,12,23,11,9,8,10,43,2,0,8,9,0,24,25,26,27,9,11,3,4,43,8,1,3,9,0,26,18,21,27,3,2,5,4,43,36,41,53,58,1,28,29,30,31,12,13,14,15,43,31,40,43,28,1,32,33,34,35,16,17,18,19,43,32,37,59,56,1,36,37,38,39,20,21,22,23,43,40,31,55,52,1,33,32,40,41,17,16,24,25,43,49,44,28,43,1,42,43,35,34,26,27,19,18,43,45,46,34,29,1,44,45,46,47,28,29,30,31,43,51,48,42,39,1,48,49,50,51,32,33,34,35,43,47,50,38,35,1,52,53,54,55,36,37,38,39,43,30,33,57,54,1,56,57,58,59,40,41,42,43,43,33,30,29,34,1,57,56,47,46,41,40,31,30,43,41,36,39,42,1,29,28,51,50,13,12,35,34,43,37,32,35,38,1,37,36,55,54,21,20,39,38,42,15,22,23,1,67,60,61,44,45,46,42,23,26,27,1,61,62,63,46,47,48,42,27,18,19,1,63,64,65,48,49,50,42,19,14,15,1,65,66,67,50,51,44,42,15,23,27,1,67,61,63,44,46,48,42,27,19,15,1,63,65,67,48,50,44,43,29,30,31,28,1,47,56,68,69,31,40,16,19,43,41,42,43,40,1,29,50,34,33,13,34,18,17,43,37,38,39,36,1,37,54,51,28,21,38,35,12,43,33,34,35,32,1,57,46,55,36,41,30,39,20,43,28,44,45,29,1,69,70,44,47,19,27,28,31,43,47,35,34,46,1,52,55,46,45,36,39,30,29,43,53,41,40,52,1,30,29,33,41,14,13,17,25,43,30,54,55,31,1,56,59,71,68,40,43,24,16,43,42,48,49,43,1,50,49,42,34,34,33,26,18,43,32,56,57,33,1,36,39,58,57,20,23,42,41,43,51,39,38,50,1,48,51,54,53,32,35,38,37,43,36,58,59,37,1,28,31,38,37,12,15,22,21,42,21,12,13,1,79,72,73,52,53,54,42,13,16,17,1,73,74,75,54,55,56,42,17,24,25,1,75,76,77,56,57,58,42,25,20,21,1,77,78,79,58,59,52,42,21,13,17,1,79,73,75,52,54,56,42,17,25,21,1,75,77,79,56,58,52,43,15,14,45,44,1,67,66,80,81,44,51,28,27,43,19,18,47,46,1,65,64,82,83,50,49,36,29,43,23,22,49,48,1,61,60,84,85,46,45,26,33,43,27,26,51,50,1,63,62,86,87,48,47,32,37,43,14,19,46,45,1,66,65,83,80,51,50,29,28,43,22,15,44,49,1,60,67,88,84,45,44,27,26,43,26,23,48,51,1,62,61,85,86,47,46,33,32,43,18,27,50,47,1,64,63,87,82,49,48,37,36,43,21,20,53,52,1,79,78,89,90,52,59,14,25,43,13,12,55,54,1,73,72,91,92,54,53,24,43,43,17,16,57,56,1,75,74,93,94,56,55,42,23,43,25,24,59,58,1,77,76,95,96,58,57,22,15,43,12,21,52,55,1,72,79,90,97,53,52,25,24,43,16,13,54,57,1,74,73,92,93,55,54,43,42,43,24,17,56,59,1,76,75,94,95,57,56,23,22,43,20,25,58,53,1,78,77,96,89,59,58,15,14],
    "vertices": [-0.037377,0.064441,0.02722,0.013168,1.02435,0.026303,-0.056905,0.066145,-0.007563,-0.000562,1.0244,-0.012522,-0.002657,0.061413,0.007563,0.052054,1.02419,0.012524,-0.022244,0.063121,-0.02722,0.038272,1.02425,-0.0263,-0.234527,0.562532,0.257987,-0.256799,0.563662,-0.235636,0.236269,0.538635,-0.257985,0.258592,0.537502,0.235639,-0.041293,0.015644,0.030072,-0.062867,0.017525,0.008422,-0.000621,1.0762,0.013893,0.014549,1.07614,0.029059,-0.062867,0.017525,-0.008356,-0.041227,0.015638,-0.030072,0.014605,1.07614,-0.029056,-0.000621,1.0762,-0.013834,-0.002934,0.012298,0.008356,-0.024574,0.014185,0.030072,0.042283,1.07603,0.029059,0.057509,1.07597,0.013837,-0.024574,0.014185,-0.030072,-0.002934,0.012298,-0.008356,0.057509,1.07597,-0.013834,0.042283,1.07603,-0.029056,-0.259101,0.565927,0.285021,-0.283707,0.567176,0.260387,-0.285168,0.526624,0.260129,-0.260561,0.525375,0.284763,-0.260505,0.525372,-0.28476,-0.285168,0.526624,-0.26007,-0.283707,0.567176,-0.260328,-0.259044,0.565925,-0.285018,0.283714,0.497749,-0.26007,0.259051,0.499001,-0.28476,0.261027,0.539527,-0.285018,0.28569,0.538275,-0.260328,0.259051,0.499001,0.284763,0.283714,0.497749,0.260072,0.28569,0.538275,0.26033,0.261027,0.539527,0.285021,0.007836,1.0631,0.045222,-0.016805,1.0632,0.020589,-0.016805,1.0632,-0.020529,0.007892,1.0631,-0.04522,0.073661,1.06283,0.020532,0.048964,1.06293,0.045222,0.048964,1.06293,-0.04522,0.073661,1.06283,-0.020529,-0.018888,0.023674,0.042058,0.009748,0.021177,0.013321,-0.074072,0.028488,0.013387,-0.045501,0.025996,0.042058,-0.045435,0.02599,-0.042058,-0.074072,0.028488,-0.01332,0.009748,0.021177,-0.01332,-0.018888,0.023674,-0.042058],
    "name": "Cube.000Geometry",
    "uvs": [[0.668469,0.248921,0.711793,0.011658,0.737463,0,1,0.128295,0,0.248791,0.049626,0.013093,0.074586,0,0.334098,0.133391,0.668469,0.74829,0.710991,0.51299,0.735849,0.499887,0.998851,0.625695,0.318189,0.49406,0.29556,0.506205,0.998851,0.986998,0.976803,1,1,0.486094,0.978319,0.499887,0.630403,0.008008,0.643269,0,0.668469,0.012503,0.655608,0.020497,0.311428,0.511188,0.334098,0.49903,0.406209,0.510503,0.383867,0.498065,0.334098,0.256595,0.668469,0.37156,0.459373,0.558499,0.250168,0.558499,0.250168,0.34404,0.459373,0.34404,0.006681,0.558499,0.215947,0.558499,0.215947,0.571595,0.006681,0.571595,0.702798,0.558499,0.493593,0.558499,0.493593,0.34404,0.702798,0.34404,0.006681,0.34404,0.215947,0.34404,0.215947,0.786409,0.006681,0.786409,0.946285,0.786409,0.737019,0.786409,0.737019,0.571595,0.946285,0.571595,0.459373,0.786409,0.250168,0.786409,0.250168,0.571595,0.459373,0.571595,0.702798,0.786409,0.493593,0.786409,0.493593,0.571595,0.702798,0.571595,0.946285,0.558499,0.737019,0.558499,0.737019,0.34404,0.946285,0.34404,0.135123,0.834034,0.147916,0.848217,0.147043,0.872484,0.133335,0.885514,0.109132,0.885238,0.095711,0.871754,0.095593,0.846966,0.109596,0.832673,0.980419,0.558499,0.980419,0.571595,0.980419,0.786409,0.980419,0.34404,0.24606,0.633716,0.229676,0.616521,0.22996,0.603635,0.246684,0.587115,0.259513,0.587162,0.275918,0.603892,0.27574,0.61678,0.259158,0.633637,0.077526,0.840359,0.100363,0.81515,0.102273,0.902667,0.078503,0.879571,0.142953,0.817106,0.165278,0.841356,0.164218,0.87975,0.14065,0.902667,0.104643,0.814351,0.287163,0.621165,0.264232,0.644749,0.240484,0.644331,0.218554,0.620963,0.218689,0.599167,0.241862,0.575912,0.263878,0.575769,0.287163,0.599118,0.2423,0.645608]],
    "materials": [{
        "shading": "phong",
        "colorEmissive": [0,0,0],
        "DbgColor": 15658734,
        "wireframe": false,
        "visible": true,
        "mapDiffuseAnisotropy": 1,
        "mapSpecularAnisotropy": 1,
        "mapSpecularWrap": ["RepeatWrapping","RepeatWrapping"],
        "transparent": false,
        "DbgIndex": 0,
        "depthWrite": true,
        "mapSpecular": "mese_gloss.png",
        "specularCoef": 50,
        "DbgName": "Material",
        "mapSpecularRepeat": [1,1],