{

    "metadata" :
    {
        "formatVersion" : 3.1,
        "sourceFile"    : "Mushroom_Tall_01.obj",
        "generatedBy"   : "OBJConverter",
        "vertices"      : 15,
        "faces"         : 22,
        "normals"       : 11,
        "colors"        : 0,
        "uvs"           : 48,
        "materials"     : 2
    },

    "scale" : 1.000000,

    "materials": [	{
	"DbgColor" : 15658734,
	"DbgIndex" : 0,
	"DbgName" : "Wood",
	"colorDiffuse" : [0.666667, 0.545098, 0.356863],
	"colorSpecular" : [0.33, 0.33, 0.33]
	},

	{
	"DbgColor" : 15597568,
	"DbgIndex" : 1,
	"DbgName" : "FrontColor",
	"colorDiffuse" : [1.0, 1.0, 1.0],
	"colorSpecular" : [0.33, 0.33, 0.33]
	}],

    "vertices": [0.434918,0.535900,-0.125550,0.217459,0.787000,-0.251100,0.217459,0.535900,-0.000000,0.434918,0.535900,-0.376650,0.256805,0.535900,-0.211754,0.178113,0.535900,-0.211754,0.000000,0.535900,-0.125550,0.178113,0.535900,-0.290446,0.217459,0.535900,-0.502200,0.000000,0.535900,-0.376650,0.256805,0.535900,-0.290446,0.158734,0.000000,-0.309825,0.276184,0.000000,-0.309825,0.158734,0.000000,-0.192375,0.276184,0.000000,-0.192375],

    "morphTargets": [],

    "morphColors": [],

    "normals": [0.37796,0.65465,0.65465,0.75593,0.65465,2.605e-17,0,-1,-0,-0.75593,0.65465,3.6406e-17,-0.37796,0.65465,0.65465,-0.37796,0.65465,-0.65465,0.37796,0.65465,-0.65465,-2.3136e-19,0.036138,-0.99935,-0.99935,0.036138,-1.4171e-18,0.99935,0.036138,-1.4171e-18,-2.3136e-19,0.036138,0.99935],

    "colors": [],

    "uvs": [[0.19974,0.15178,0.14267,0.30277,0.085602,0.15178,0.11414,0.20571,0.057068,0.054719,0.1712,0.054719,-0.19769,0.057068,-0.11673,0.096252,-0.19769,0.1712,-0.098845,0,-0.080961,0.096252,0,0.057068,-0.080961,0.13202,-0.098845,0.22827,0,0.1712,-0.057068,0.18414,-0.11414,0.33513,-0.1712,0.18414,0.085602,0.21649,0.028534,0.36748,-0.028534,0.21649,-0.085602,0.087074,-0.14267,0.23806,-0.19974,0.087074,0.028534,0.022364,-0.028534,0.17335,-0.085602,0.022364,-0.11673,0.13202,-6.2494,-0.44081,-7.0123,20.671,-10.11,20.671,-10.873,-0.44081,-8.3368,21.338,-11.435,21.338,-12.198,0.22584,-7.5738,0.22584,7.5738,-0.39295,12.198,-0.39295,11.435,20.719,8.3368,20.719,-10.873,12.198,-10.873,7.5738,-6.2494,7.5738,-6.2494,12.198,10.873,0.27371,10.11,21.386,7.0123,21.386,6.2494,0.27371]],

    "faces": [42,0,1,2,0,0,1,2,0,0,0,42,1,0,3,0,3,4,5,1,1,1,42,0,4,3,0,6,7,8,2,2,2,42,2,4,0,0,9,7,6,2,2,2,42,2,5,4,0,9,10,7,2,2,2,42,6,5,2,0,11,10,9,2,2,2,42,5,6,7,0,10,11,12,2,2,2,42,6,8,7,0,11,13,12,2,2,2,42,8,6,9,0,13,11,14,2,2,2,42,6,1,9,0,15,16,17,3,3,3,42,2,1,6,0,18,19,20,4,4,4,42,9,1,8,0,21,22,23,5,5,5,42,8,1,3,0,24,25,26,6,6,6,42,10,8,3,0,27,13,8,2,2,2,42,7,8,10,0,12,13,27,2,2,2,43,11,7,10,12,1,28,29,30,31,7,7,7,7,43,5,7,11,13,1,32,33,34,35,8,8,8,8,43,10,4,5,7,0,27,7,10,12,2,2,2,2,42,10,3,4,0,27,8,7,2,2,2,43,14,12,10,4,1,36,37,38,39,9,9,9,9,43,12,14,13,11,1,40,41,42,43,2,2,2,2,43,14,4,5,13,1,44,45,46,47,10,10,10,10]

}
